,TaxonID,kingdom,phylum,class,order,family,genus,species
OTU1,OTU1,k__Bacteria,p__Actinobacteria,c__Actinobacteria (class),o__Coriobacteriales,f__Coriobacteriaceae,g__Adlercreutzia,s__
OTU2,OTU2,k__Bacteria,p__Actinobacteria,c__Actinobacteria (class),o__Bifidobacteriales,f__Bifidobacteriaceae,g__Bifidobacterium,s__Bifidobacterium adolescentis
OTU3,OTU3,k__Bacteria,p__Bacteroidetes,c__Bacteroidia,o__Bacteroidales,f__Bacteroidaceae,g__Bacteroides,s__
OTU4,OTU4,k__Bacteria,p__Bacteroidetes,c__Bacteroidia,o__Bacteroidales,f__Bacteroidaceae,g__Bacteroides,s__
OTU5,OTU5,k__Bacteria,p__Bacteroidetes,c__Sphingobacteriia,o__Sphingobacteriales,f__Saprospiraceae,g__,s__
OTU6,OTU6,k__Bacteria,p__Bacteroidetes,c__Sphingobacteriia,o__Sphingobacteriales,f__Chitinophagaceae,g__,s__
OTU7,OTU7,k__Bacteria,p__Bacteroidetes,c__Cytophagia,o__Cytophagales,f__Cytophagaceae,g__Chryseolinea,s__
OTU8,OTU8,k__Bacteria,p__Bacteroidetes,c__Sphingobacteriia,o__Sphingobacteriales,f__Chitinophagaceae,g__,s__
OTU9,OTU9,k__Bacteria,p__Bacteroidetes,c__Bacteroidia,o__Bacteroidales,f__Porphyromonadaceae,g__Parabacteroides,s__
OTU10,OTU10,k__Bacteria,p__Bacteroidetes,c__Sphingobacteriia,o__Sphingobacteriales,f__Saprospiraceae,g__,s__
OTU11,OTU11,k__Bacteria,p__Bacteroidetes,c__Bacteroidia,o__Bacteroidales,f__Porphyromonadaceae,g__Parabacteroides,s__Parabacteroides distasonis
OTU12,OTU12,k__Bacteria,p__Bacteroidetes,c__Sphingobacteriia,o__Sphingobacteriales,f__Chitinophagaceae,g__Flavitalea,s__
OTU13,OTU13,k__Bacteria,p__Proteobacteria,c__Gammaproteobacteria,o__Enterobacteriales,f__Enterobacteriaceae,g__Raoultella,s__
OTU14,OTU14,k__Bacteria,p__Proteobacteria,c__Gammaproteobacteria,o__Enterobacteriales,f__Enterobacteriaceae,g__Escherichia,s__
OTU15,OTU15,k__Bacteria,p__Proteobacteria,c__Gammaproteobacteria,o__Enterobacteriales,f__Enterobacteriaceae,g__Salmonella,s__
OTU16,OTU16,k__Bacteria,p__Firmicutes,c__Clostridia,o__Clostridiales,f__,g__,s__
OTU17,OTU17,k__Bacteria,p__Firmicutes,c__Clostridia,o__Clostridiales,f__Lachnospiraceae,g__Roseburia,s__
OTU18,OTU18,k__Bacteria,p__Firmicutes,c__Clostridia,o__Clostridiales,f__Lachnospiraceae,g__Eubacterium,s__
OTU19,OTU19,k__Bacteria,p__Firmicutes,c__Clostridia,o__Clostridiales,f__Lachnospiraceae,g__Roseburia,s__
OTU20,OTU20,k__Bacteria,p__Firmicutes,c__Clostridia,o__Clostridiales,f__Ruminococcaceae,g__Ruminococcus,s__
OTU21,OTU21,k__Bacteria,p__Firmicutes,c__Clostridia,o__Clostridiales,f__Lachnospiraceae,g__Clostridium,s__
OTU22,OTU22,k__Bacteria,p__Firmicutes,c__Clostridia,o__Clostridiales,f__Ruminococcaceae,g__Oscillospira,s__
OTU23,OTU23,k__Bacteria,p__Firmicutes,c__Clostridia,o__Clostridiales,f__Lachnospiraceae,g__Coprococcus,s__
OTU24,OTU24,k__Bacteria,p__Firmicutes,c__Clostridia,o__Clostridiales,f__Ruminococcaceae,g__,s__
OTU25,OTU25,k__Bacteria,p__Firmicutes,c__Clostridia,o__Clostridiales,f__Ruminococcaceae,g__,s__
OTU26,OTU26,k__Bacteria,p__Firmicutes,c__Clostridia,o__Clostridiales,f__Lachnospiraceae,g__,s__
OTU27,OTU27,k__Bacteria,p__Firmicutes,c__Clostridia,o__Clostridiales,f__Lachnospiraceae,g__Blautia,s__
OTU28,OTU28,k__Bacteria,p__Firmicutes,c__Clostridia,o__Clostridiales,f__Ruminococcaceae,g__,s__
OTU29,OTU29,k__Bacteria,p__Firmicutes,c__Clostridia,o__Clostridiales,f__Ruminococcaceae,g__Faecalibacterium,s__
OTU30,OTU30,k__Bacteria,p__Proteobacteria,c__Gammaproteobacteria,o__Enterobacteriales,f__Enterobacteriaceae,g__,s__
